GeoFips,GeoName,LineCode,Description,2023,
0,United States *,1,All industry total,27811517,27.81
0,United States *,2,  Private industries,24712793,24.71
0,United States *,3,"    Agriculture, forestry, fishing and hunting",270441,0.27
0,United States *,6,"    Mining, quarrying, and oil and gas extraction",411819,0.41
0,United States *,10,    Utilities,457772,0.46
0,United States *,11,    Construction,1224556,1.22
0,United States *,12,    Manufacturing,2816477,2.82
0,United States *,34,    Wholesale trade,1652777,1.65
0,United States *,35,    Retail trade,1779566,1.78
0,United States *,36,    Transportation and warehousing,946065,0.95
0,United States *,45,    Information,1491283,1.49
0,United States *,51,      Finance and insurance,2075720,2.08
0,United States *,56,      Real estate and rental and leasing,3807716,3.81
0,United States *,60,"      Professional, scientific, and technical services",2220588,2.22
0,United States *,64,      Management of companies and enterprises,504015,0.5
0,United States *,65,      Administrative and support and waste management and remediation services,885237,0.89
0,United States *,69,      Educational services,316421,0.32
0,United States *,70,      Health care and social assistance,2043659,2.04
0,United States *,76,"      Arts, entertainment, and recreation",303721,0.3
0,United States *,79,      Accommodation and food services,915775,0.92
0,United States *,82,    Other services (except government and government enterprises),589187,0.59
0,United States *,83,  Government and government enterprises,3098723,3.1
1000,Alabama,1,All industry total,309543.8,0.31
1000,Alabama,2,  Private industries,263268.7,0.26
1000,Alabama,3,"    Agriculture, forestry, fishing and hunting",3204.3,0
1000,Alabama,6,"    Mining, quarrying, and oil and gas extraction",2626.2,0
1000,Alabama,10,    Utilities,8554.1,0.01
1000,Alabama,11,    Construction,14553.7,0.01
1000,Alabama,12,    Manufacturing,48451.2,0.05
1000,Alabama,34,    Wholesale trade,18526.6,0.02
1000,Alabama,35,    Retail trade,23282.8,0.02
1000,Alabama,36,    Transportation and warehousing,8890.1,0.01
1000,Alabama,45,    Information,6707.5,0.01
1000,Alabama,51,      Finance and insurance,17668,0.02
1000,Alabama,56,      Real estate and rental and leasing,37464.8,0.04
1000,Alabama,60,"      Professional, scientific, and technical services",20233.4,0.02
1000,Alabama,64,      Management of companies and enterprises,2614.4,0
1000,Alabama,65,      Administrative and support and waste management and remediation services,8596.9,0.01
1000,Alabama,69,      Educational services,1506.3,0
1000,Alabama,70,      Health care and social assistance,22048.7,0.02
1000,Alabama,76,"      Arts, entertainment, and recreation",1318.8,0
1000,Alabama,79,      Accommodation and food services,9352.1,0.01
1000,Alabama,82,    Other services (except government and government enterprises),7669,0.01
1000,Alabama,83,  Government and government enterprises,46275.1,0.05
2000,Alaska,1,All industry total,68232.7,0.07
2000,Alaska,2,  Private industries,55701.3,0.06
2000,Alaska,3,"    Agriculture, forestry, fishing and hunting",555.5,0
2000,Alaska,6,"    Mining, quarrying, and oil and gas extraction",9344.6,0.01
2000,Alaska,10,    Utilities,1231,0
2000,Alaska,11,    Construction,3277.7,0
2000,Alaska,12,    Manufacturing,1810.7,0
2000,Alaska,34,    Wholesale trade,1643.9,0
2000,Alaska,35,    Retail trade,3502.9,0
2000,Alaska,36,    Transportation and warehousing,9940.3,0.01
2000,Alaska,45,    Information,1596.9,0
2000,Alaska,51,      Finance and insurance,1372.1,0
2000,Alaska,56,      Real estate and rental and leasing,7302.1,0.01
2000,Alaska,60,"      Professional, scientific, and technical services",2380.7,0
2000,Alaska,64,      Management of companies and enterprises,469.6,0
2000,Alaska,65,      Administrative and support and waste management and remediation services,1310,0
2000,Alaska,69,      Educational services,235,0
2000,Alaska,70,      Health care and social assistance,5583.3,0.01
2000,Alaska,76,"      Arts, entertainment, and recreation",463.5,0
2000,Alaska,79,      Accommodation and food services,2446.1,0
2000,Alaska,82,    Other services (except government and government enterprises),1235.5,0
2000,Alaska,83,  Government and government enterprises,12531.4,0.01
4000,Arizona,1,All industry total,530105,0.53
4000,Arizona,2,  Private industries,475075,0.48
4000,Arizona,3,"    Agriculture, forestry, fishing and hunting",2773.3,0
4000,Arizona,6,"    Mining, quarrying, and oil and gas extraction",6406.6,0.01
4000,Arizona,10,    Utilities,10102.8,0.01
4000,Arizona,11,    Construction,33191.3,0.03
4000,Arizona,12,    Manufacturing,44131.9,0.04
4000,Arizona,34,    Wholesale trade,28951,0.03
4000,Arizona,35,    Retail trade,40147.1,0.04
4000,Arizona,36,    Transportation and warehousing,17915.6,0.02
4000,Arizona,45,    Information,18499.8,0.02
4000,Arizona,51,      Finance and insurance,36903.5,0.04
4000,Arizona,56,      Real estate and rental and leasing,90129.4,0.09
4000,Arizona,60,"      Professional, scientific, and technical services",29946.8,0.03
4000,Arizona,64,      Management of companies and enterprises,7648.1,0.01
4000,Arizona,65,      Administrative and support and waste management and remediation services,23461.6,0.02
4000,Arizona,69,      Educational services,5524,0.01
4000,Arizona,70,      Health care and social assistance,44104.6,0.04
4000,Arizona,76,"      Arts, entertainment, and recreation",4945.5,0
4000,Arizona,79,      Accommodation and food services,19756.2,0.02
4000,Arizona,82,    Other services (except government and government enterprises),10536,0.01
4000,Arizona,83,  Government and government enterprises,55030,0.06
5000,Arkansas,1,All industry total,178114.8,0.18
5000,Arkansas,2,  Private industries,158302.9,0.16
5000,Arkansas,3,"    Agriculture, forestry, fishing and hunting",4498.6,0
5000,Arkansas,6,"    Mining, quarrying, and oil and gas extraction",947.3,0
5000,Arkansas,10,    Utilities,4711.8,0
5000,Arkansas,11,    Construction,7725.7,0.01
5000,Arkansas,12,    Manufacturing,25120.8,0.03
5000,Arkansas,34,    Wholesale trade,14277.5,0.01
5000,Arkansas,35,    Retail trade,14506.5,0.01
5000,Arkansas,36,    Transportation and warehousing,7969.3,0.01
5000,Arkansas,45,    Information,3609,0
5000,Arkansas,51,      Finance and insurance,8707.4,0.01
5000,Arkansas,56,      Real estate and rental and leasing,19861,0.02
5000,Arkansas,60,"      Professional, scientific, and technical services",6780.8,0.01
5000,Arkansas,64,      Management of companies and enterprises,7362.9,0.01
5000,Arkansas,65,      Administrative and support and waste management and remediation services,5421.2,0.01
5000,Arkansas,69,      Educational services,1044.9,0
5000,Arkansas,70,      Health care and social assistance,15050.7,0.02
5000,Arkansas,76,"      Arts, entertainment, and recreation",1100.4,0
5000,Arkansas,79,      Accommodation and food services,5436,0.01
5000,Arkansas,82,    Other services (except government and government enterprises),4171.1,0
5000,Arkansas,83,  Government and government enterprises,19811.9,0.02
6000,California,1,All industry total,3827007.3,3.83
6000,California,2,  Private industries,3417950.5,3.42
6000,California,3,"    Agriculture, forestry, fishing and hunting",48671.6,0.05
6000,California,6,"    Mining, quarrying, and oil and gas extraction",10445.6,0.01
6000,California,10,    Utilities,57291.8,0.06
6000,California,11,    Construction,149671.3,0.15
6000,California,12,    Manufacturing,383438.5,0.38
6000,California,34,    Wholesale trade,201086,0.2
6000,California,35,    Retail trade,225934.5,0.23
6000,California,36,    Transportation and warehousing,123775.1,0.12
6000,California,45,    Information,397170.1,0.4
6000,California,51,      Finance and insurance,174615.8,0.17
6000,California,56,      Real estate and rental and leasing,541957.8,0.54
6000,California,60,"      Professional, scientific, and technical services",369165.9,0.37
6000,California,64,      Management of companies and enterprises,69214.5,0.07
6000,California,65,      Administrative and support and waste management and remediation services,119552.9,0.12
6000,California,69,      Educational services,40356.3,0.04
6000,California,70,      Health care and social assistance,257396.5,0.26
6000,California,76,"      Arts, entertainment, and recreation",54692.3,0.05
6000,California,79,      Accommodation and food services,120125,0.12
6000,California,82,    Other services (except government and government enterprises),73389.1,0.07
6000,California,83,  Government and government enterprises,409056.8,0.41
8000,Colorado,1,All industry total,533268.6,0.53
8000,Colorado,2,  Private industries,474256.9,0.47
8000,Colorado,3,"    Agriculture, forestry, fishing and hunting",3413.7,0
8000,Colorado,6,"    Mining, quarrying, and oil and gas extraction",18502.4,0.02
8000,Colorado,10,    Utilities,6437.6,0.01
8000,Colorado,11,    Construction,31205.4,0.03
8000,Colorado,12,    Manufacturing,29686.5,0.03
8000,Colorado,34,    Wholesale trade,29540.5,0.03
8000,Colorado,35,    Retail trade,31547.4,0.03
8000,Colorado,36,    Transportation and warehousing,18130.8,0.02
8000,Colorado,45,    Information,31729.2,0.03
8000,Colorado,51,      Finance and insurance,29077,0.03
8000,Colorado,56,      Real estate and rental and leasing,82904.1,0.08
8000,Colorado,60,"      Professional, scientific, and technical services",58082.8,0.06
8000,Colorado,64,      Management of companies and enterprises,9870.4,0.01
8000,Colorado,65,      Administrative and support and waste management and remediation services,15848.8,0.02
8000,Colorado,69,      Educational services,4454.2,0
8000,Colorado,70,      Health care and social assistance,31995,0.03
8000,Colorado,76,"      Arts, entertainment, and recreation",8220.8,0.01
8000,Colorado,79,      Accommodation and food services,21412,0.02
8000,Colorado,82,    Other services (except government and government enterprises),12198.1,0.01
8000,Colorado,83,  Government and government enterprises,59011.7,0.06
9000,Connecticut,1,All industry total,341851.8,0.34
9000,Connecticut,2,  Private industries,310656.7,0.31
9000,Connecticut,3,"    Agriculture, forestry, fishing and hunting",435.8,0
9000,Connecticut,6,"    Mining, quarrying, and oil and gas extraction",187.9,0
9000,Connecticut,10,    Utilities,5619,0.01
9000,Connecticut,11,    Construction,9937,0.01
9000,Connecticut,12,    Manufacturing,40568.1,0.04
9000,Connecticut,34,    Wholesale trade,18899.9,0.02
9000,Connecticut,35,    Retail trade,21077.4,0.02
9000,Connecticut,36,    Transportation and warehousing,7644.2,0.01
9000,Connecticut,45,    Information,18259.8,0.02
9000,Connecticut,51,      Finance and insurance,43594.8,0.04
9000,Connecticut,56,      Real estate and rental and leasing,45942.6,0.05
9000,Connecticut,60,"      Professional, scientific, and technical services",24826.4,0.02
9000,Connecticut,64,      Management of companies and enterprises,7246.5,0.01
9000,Connecticut,65,      Administrative and support and waste management and remediation services,9970.8,0.01
9000,Connecticut,69,      Educational services,8379,0.01
9000,Connecticut,70,      Health care and social assistance,29028,0.03
9000,Connecticut,76,"      Arts, entertainment, and recreation",3802.9,0
9000,Connecticut,79,      Accommodation and food services,8718.2,0.01
9000,Connecticut,82,    Other services (except government and government enterprises),6518.5,0.01
9000,Connecticut,83,  Government and government enterprises,31195.1,0.03
10000,Delaware,1,All industry total,103332.5,0.1
10000,Delaware,2,  Private industries,94530.9,0.09
10000,Delaware,3,"    Agriculture, forestry, fishing and hunting",779.6,0
10000,Delaware,6,"    Mining, quarrying, and oil and gas extraction",4.3,0
10000,Delaware,10,    Utilities,1561.8,0
10000,Delaware,11,    Construction,3721,0
10000,Delaware,12,    Manufacturing,7607.8,0.01
10000,Delaware,34,    Wholesale trade,2874.5,0
10000,Delaware,35,    Retail trade,4484.2,0
10000,Delaware,36,    Transportation and warehousing,2198.8,0
10000,Delaware,45,    Information,1337.7,0
10000,Delaware,51,      Finance and insurance,25564.8,0.03
10000,Delaware,56,      Real estate and rental and leasing,21129.3,0.02
10000,Delaware,60,"      Professional, scientific, and technical services",6333,0.01
10000,Delaware,64,      Management of companies and enterprises,1951.7,0
10000,Delaware,65,      Administrative and support and waste management and remediation services,2764.1,0
10000,Delaware,69,      Educational services,503,0
10000,Delaware,70,      Health care and social assistance,7380.2,0.01
10000,Delaware,76,"      Arts, entertainment, and recreation",571.4,0
10000,Delaware,79,      Accommodation and food services,2382.3,0
10000,Delaware,82,    Other services (except government and government enterprises),1381.1,0
10000,Delaware,83,  Government and government enterprises,8801.6,0.01
12000,Florida,1,All industry total,1624642.3,1.62
12000,Florida,2,  Private industries,1478673.7,1.48
12000,Florida,3,"    Agriculture, forestry, fishing and hunting",9036.7,0.01
12000,Florida,6,"    Mining, quarrying, and oil and gas extraction",1415.8,0
12000,Florida,10,    Utilities,31322.6,0.03
12000,Florida,11,    Construction,88777.7,0.09
12000,Florida,12,    Manufacturing,78908.1,0.08
12000,Florida,34,    Wholesale trade,108021.5,0.11
12000,Florida,35,    Retail trade,128398.2,0.13
12000,Florida,36,    Transportation and warehousing,59965.1,0.06
12000,Florida,45,    Information,56595.1,0.06
12000,Florida,51,      Finance and insurance,93462,0.09
12000,Florida,56,      Real estate and rental and leasing,324127.8,0.32
12000,Florida,60,"      Professional, scientific, and technical services",129626.1,0.13
12000,Florida,64,      Management of companies and enterprises,25302.8,0.03
12000,Florida,65,      Administrative and support and waste management and remediation services,66040.4,0.07
12000,Florida,69,      Educational services,14313.4,0.01
12000,Florida,70,      Health care and social assistance,126615.4,0.13
12000,Florida,76,"      Arts, entertainment, and recreation",24920.7,0.02
12000,Florida,79,      Accommodation and food services,73540.6,0.07
12000,Florida,82,    Other services (except government and government enterprises),38283.9,0.04
12000,Florida,83,  Government and government enterprises,145968.6,0.15
13000,Georgia,1,All industry total,835755.3,0.84
13000,Georgia,2,  Private industries,751513.5,0.75
13000,Georgia,3,"    Agriculture, forestry, fishing and hunting",4917,0
13000,Georgia,6,"    Mining, quarrying, and oil and gas extraction",1865.1,0
13000,Georgia,10,    Utilities,13962.1,0.01
13000,Georgia,11,    Construction,42863,0.04
13000,Georgia,12,    Manufacturing,81817.8,0.08
13000,Georgia,34,    Wholesale trade,62355.2,0.06
13000,Georgia,35,    Retail trade,54167.3,0.05
13000,Georgia,36,    Transportation and warehousing,36447.5,0.04
13000,Georgia,45,    Information,50649.9,0.05
13000,Georgia,51,      Finance and insurance,65792.1,0.07
13000,Georgia,56,      Real estate and rental and leasing,118510.6,0.12
13000,Georgia,60,"      Professional, scientific, and technical services",60120.5,0.06
13000,Georgia,64,      Management of companies and enterprises,17138.5,0.02
13000,Georgia,65,      Administrative and support and waste management and remediation services,30135.5,0.03
13000,Georgia,69,      Educational services,8740.4,0.01
13000,Georgia,70,      Health care and social assistance,54666.3,0.05
13000,Georgia,76,"      Arts, entertainment, and recreation",5875.5,0.01
13000,Georgia,79,      Accommodation and food services,26553.5,0.03
13000,Georgia,82,    Other services (except government and government enterprises),14935.7,0.01
13000,Georgia,83,  Government and government enterprises,84241.8,0.08
15000,Hawaii,1,All industry total,111740.2,0.11
15000,Hawaii,2,  Private industries,90419.2,0.09
15000,Hawaii,3,"    Agriculture, forestry, fishing and hunting",565.3,0
15000,Hawaii,6,"    Mining, quarrying, and oil and gas extraction",85,0
15000,Hawaii,10,    Utilities,2526.7,0
15000,Hawaii,11,    Construction,6399.6,0.01
15000,Hawaii,12,    Manufacturing,1792.7,0
15000,Hawaii,34,    Wholesale trade,3396.6,0
15000,Hawaii,35,    Retail trade,8639.4,0.01
15000,Hawaii,36,    Transportation and warehousing,5999.4,0.01
15000,Hawaii,45,    Information,2671.6,0
15000,Hawaii,51,      Finance and insurance,4586.9,0
15000,Hawaii,56,      Real estate and rental and leasing,19342.1,0.02
15000,Hawaii,60,"      Professional, scientific, and technical services",5061.3,0.01
15000,Hawaii,64,      Management of companies and enterprises,1318.6,0
15000,Hawaii,65,      Administrative and support and waste management and remediation services,3342.3,0
15000,Hawaii,69,      Educational services,1230.9,0
15000,Hawaii,70,      Health care and social assistance,8250.5,0.01
15000,Hawaii,76,"      Arts, entertainment, and recreation",1419.3,0
15000,Hawaii,79,      Accommodation and food services,11085.1,0.01
15000,Hawaii,82,    Other services (except government and government enterprises),2706.1,0
15000,Hawaii,83,  Government and government enterprises,21321,0.02
16000,Idaho,1,All industry total,120588.1,0.12
16000,Idaho,2,  Private industries,107389.5,0.11
16000,Idaho,3,"    Agriculture, forestry, fishing and hunting",5226.8,0.01
16000,Idaho,6,"    Mining, quarrying, and oil and gas extraction",1272.6,0
16000,Idaho,10,    Utilities,1824.3,0
16000,Idaho,11,    Construction,7696.9,0.01
16000,Idaho,12,    Manufacturing,10809.8,0.01
16000,Idaho,34,    Wholesale trade,8302.1,0.01
16000,Idaho,35,    Retail trade,9942.4,0.01
16000,Idaho,36,    Transportation and warehousing,3634.1,0
16000,Idaho,45,    Information,3020.1,0
16000,Idaho,51,      Finance and insurance,5647.1,0.01
16000,Idaho,56,      Real estate and rental and leasing,17931.9,0.02
16000,Idaho,60,"      Professional, scientific, and technical services",7762.3,0.01
16000,Idaho,64,      Management of companies and enterprises,1443.8,0
16000,Idaho,65,      Administrative and support and waste management and remediation services,4389.1,0
16000,Idaho,69,      Educational services,1021.3,0
16000,Idaho,70,      Health care and social assistance,9735.8,0.01
16000,Idaho,76,"      Arts, entertainment, and recreation",1061.2,0
16000,Idaho,79,      Accommodation and food services,4271.2,0
16000,Idaho,82,    Other services (except government and government enterprises),2396.6,0
16000,Idaho,83,  Government and government enterprises,13198.6,0.01
17000,Illinois,1,All industry total,1100794.1,1.1
17000,Illinois,2,  Private industries,1003073.3,1
17000,Illinois,3,"    Agriculture, forestry, fishing and hunting",12007.2,0.01
17000,Illinois,6,"    Mining, quarrying, and oil and gas extraction",2223,0
17000,Illinois,10,    Utilities,21112.4,0.02
17000,Illinois,11,    Construction,38767.6,0.04
17000,Illinois,12,    Manufacturing,131551.8,0.13
17000,Illinois,34,    Wholesale trade,89003.4,0.09
17000,Illinois,35,    Retail trade,65078.5,0.07
17000,Illinois,36,    Transportation and warehousing,47644.6,0.05
17000,Illinois,45,    Information,43748.8,0.04
17000,Illinois,51,      Finance and insurance,88889.4,0.09
17000,Illinois,56,      Real estate and rental and leasing,143447.4,0.14
17000,Illinois,60,"      Professional, scientific, and technical services",95396,0.1
17000,Illinois,64,      Management of companies and enterprises,16042.4,0.02
17000,Illinois,65,      Administrative and support and waste management and remediation services,39917.6,0.04
17000,Illinois,69,      Educational services,15495.5,0.02
17000,Illinois,70,      Health care and social assistance,79676.1,0.08
17000,Illinois,76,"      Arts, entertainment, and recreation",12873.2,0.01
17000,Illinois,79,      Accommodation and food services,35254.4,0.04
17000,Illinois,82,    Other services (except government and government enterprises),24944,0.02
17000,Illinois,83,  Government and government enterprises,97720.7,0.1
18000,Indiana,1,All industry total,496849.5,0.5
18000,Indiana,2,  Private industries,455258.9,0.46
18000,Indiana,3,"    Agriculture, forestry, fishing and hunting",7712.4,0.01
18000,Indiana,6,"    Mining, quarrying, and oil and gas extraction",2019.4,0
18000,Indiana,10,    Utilities,8558,0.01
18000,Indiana,11,    Construction,24556.9,0.02
18000,Indiana,12,    Manufacturing,123278,0.12
18000,Indiana,34,    Wholesale trade,30067.9,0.03
18000,Indiana,35,    Retail trade,31258.8,0.03
18000,Indiana,36,    Transportation and warehousing,19572,0.02
18000,Indiana,45,    Information,7653.7,0.01
18000,Indiana,51,      Finance and insurance,26503.3,0.03
18000,Indiana,56,      Real estate and rental and leasing,52369.3,0.05
18000,Indiana,60,"      Professional, scientific, and technical services",24831,0.02
18000,Indiana,64,      Management of companies and enterprises,5776.2,0.01
18000,Indiana,65,      Administrative and support and waste management and remediation services,14901.6,0.01
18000,Indiana,69,      Educational services,4811.3,0
18000,Indiana,70,      Health care and social assistance,40811.9,0.04
18000,Indiana,76,"      Arts, entertainment, and recreation",5345.2,0.01
18000,Indiana,79,      Accommodation and food services,14087.9,0.01
18000,Indiana,82,    Other services (except government and government enterprises),11143.9,0.01
18000,Indiana,83,  Government and government enterprises,41590.6,0.04
19000,Iowa,1,All industry total,253166.5,0.25
19000,Iowa,2,  Private industries,227401.3,0.23
19000,Iowa,3,"    Agriculture, forestry, fishing and hunting",14726.2,0.01
19000,Iowa,6,"    Mining, quarrying, and oil and gas extraction",507.5,0
19000,Iowa,10,    Utilities,4090.3,0
19000,Iowa,11,    Construction,11348.6,0.01
19000,Iowa,12,    Manufacturing,43088,0.04
19000,Iowa,34,    Wholesale trade,15464,0.02
19000,Iowa,35,    Retail trade,15214.3,0.02
19000,Iowa,36,    Transportation and warehousing,8477.1,0.01
19000,Iowa,45,    Information,6227.4,0.01
19000,Iowa,51,      Finance and insurance,35932.5,0.04
19000,Iowa,56,      Real estate and rental and leasing,23678.2,0.02
19000,Iowa,60,"      Professional, scientific, and technical services",9049.1,0.01
19000,Iowa,64,      Management of companies and enterprises,3775,0
19000,Iowa,65,      Administrative and support and waste management and remediation services,5373.2,0.01
19000,Iowa,69,      Educational services,1956.7,0
19000,Iowa,70,      Health care and social assistance,15491.9,0.02
19000,Iowa,76,"      Arts, entertainment, and recreation",2083.1,0
19000,Iowa,79,      Accommodation and food services,5810.8,0.01
19000,Iowa,82,    Other services (except government and government enterprises),5107.3,0.01
19000,Iowa,83,  Government and government enterprises,25765.3,0.03
20000,Kansas,1,All industry total,224851.3,0.22
20000,Kansas,2,  Private industries,199011.8,0.2
20000,Kansas,3,"    Agriculture, forestry, fishing and hunting",8364.6,0.01
20000,Kansas,6,"    Mining, quarrying, and oil and gas extraction",1322,0
20000,Kansas,10,    Utilities,3895.3,0
20000,Kansas,11,    Construction,9227.1,0.01
20000,Kansas,12,    Manufacturing,36024.1,0.04
20000,Kansas,34,    Wholesale trade,14034.4,0.01
20000,Kansas,35,    Retail trade,14584.9,0.01
20000,Kansas,36,    Transportation and warehousing,9139,0.01
20000,Kansas,45,    Information,7887.2,0.01
20000,Kansas,51,      Finance and insurance,11400.6,0.01
20000,Kansas,56,      Real estate and rental and leasing,28829.2,0.03
20000,Kansas,60,"      Professional, scientific, and technical services",12713.6,0.01
20000,Kansas,64,      Management of companies and enterprises,4196,0
20000,Kansas,65,      Administrative and support and waste management and remediation services,6824.5,0.01
20000,Kansas,69,      Educational services,1199.3,0
20000,Kansas,70,      Health care and social assistance,16935.4,0.02
20000,Kansas,76,"      Arts, entertainment, and recreation",1174.5,0
20000,Kansas,79,      Accommodation and food services,6154.9,0.01
20000,Kansas,82,    Other services (except government and government enterprises),5105.2,0.01
20000,Kansas,83,  Government and government enterprises,25839.5,0.03
21000,Kentucky,1,All industry total,283267.7,0.28
21000,Kentucky,2,  Private industries,250462.4,0.25
21000,Kentucky,3,"    Agriculture, forestry, fishing and hunting",4251.4,0
21000,Kentucky,6,"    Mining, quarrying, and oil and gas extraction",2971.1,0
21000,Kentucky,10,    Utilities,4969.9,0
21000,Kentucky,11,    Construction,11486.9,0.01
21000,Kentucky,12,    Manufacturing,46723.1,0.05
21000,Kentucky,34,    Wholesale trade,20803.1,0.02
21000,Kentucky,35,    Retail trade,19385.3,0.02
21000,Kentucky,36,    Transportation and warehousing,15480.8,0.02
21000,Kentucky,45,    Information,6439.1,0.01
21000,Kentucky,51,      Finance and insurance,15478.2,0.02
21000,Kentucky,56,      Real estate and rental and leasing,32314.1,0.03
21000,Kentucky,60,"      Professional, scientific, and technical services",12487.4,0.01
21000,Kentucky,64,      Management of companies and enterprises,3607.4,0
21000,Kentucky,65,      Administrative and support and waste management and remediation services,8980,0.01
21000,Kentucky,69,      Educational services,1643.7,0
21000,Kentucky,70,      Health care and social assistance,25444.8,0.03
21000,Kentucky,76,"      Arts, entertainment, and recreation",1721.2,0
21000,Kentucky,79,      Accommodation and food services,10003,0.01
21000,Kentucky,82,    Other services (except government and government enterprises),6271.9,0.01
21000,Kentucky,83,  Government and government enterprises,32805.2,0.03
22000,Louisiana,1,All industry total,318044.3,0.32
22000,Louisiana,2,  Private industries,284717.8,0.28
22000,Louisiana,3,"    Agriculture, forestry, fishing and hunting",2174.1,0
22000,Louisiana,6,"    Mining, quarrying, and oil and gas extraction",12891.5,0.01
22000,Louisiana,10,    Utilities,6481.2,0.01
22000,Louisiana,11,    Construction,18443.4,0.02
22000,Louisiana,12,    Manufacturing,59670.7,0.06
22000,Louisiana,34,    Wholesale trade,16624.7,0.02
22000,Louisiana,35,    Retail trade,22530.5,0.02
22000,Louisiana,36,    Transportation and warehousing,12532,0.01
22000,Louisiana,45,    Information,5354.5,0.01
22000,Louisiana,51,      Finance and insurance,15008.7,0.02
22000,Louisiana,56,      Real estate and rental and leasing,36576.1,0.04
22000,Louisiana,60,"      Professional, scientific, and technical services",15119.7,0.02
22000,Louisiana,64,      Management of companies and enterprises,3045.7,0
22000,Louisiana,65,      Administrative and support and waste management and remediation services,8635.6,0.01
22000,Louisiana,69,      Educational services,3239.2,0
22000,Louisiana,70,      Health care and social assistance,25098.8,0.03
22000,Louisiana,76,"      Arts, entertainment, and recreation",3494.6,0
22000,Louisiana,79,      Accommodation and food services,11094.7,0.01
22000,Louisiana,82,    Other services (except government and government enterprises),6702,0.01
22000,Louisiana,83,  Government and government enterprises,33326.5,0.03
23000,Maine,1,All industry total,93743.8,0.09
23000,Maine,2,  Private industries,83055,0.08
23000,Maine,3,"    Agriculture, forestry, fishing and hunting",1097.3,0
23000,Maine,6,"    Mining, quarrying, and oil and gas extraction",53.4,0
23000,Maine,10,    Utilities,1625.1,0
23000,Maine,11,    Construction,3385.3,0
23000,Maine,12,    Manufacturing,8454.6,0.01
23000,Maine,34,    Wholesale trade,4554.4,0
23000,Maine,35,    Retail trade,8579.8,0.01
23000,Maine,36,    Transportation and warehousing,1897,0
23000,Maine,45,    Information,1850.6,0
23000,Maine,51,      Finance and insurance,6246.2,0.01
23000,Maine,56,      Real estate and rental and leasing,14983.2,0.01
23000,Maine,60,"      Professional, scientific, and technical services",5855.7,0.01
23000,Maine,64,      Management of companies and enterprises,2468.6,0
23000,Maine,65,      Administrative and support and waste management and remediation services,2703.3,0
23000,Maine,69,      Educational services,1377.6,0
23000,Maine,70,      Health care and social assistance,10029.8,0.01
23000,Maine,76,"      Arts, entertainment, and recreation",1095.2,0
23000,Maine,79,      Accommodation and food services,4771.8,0
23000,Maine,82,    Other services (except government and government enterprises),2026.1,0
23000,Maine,83,  Government and government enterprises,10688.8,0.01
24000,Maryland,1,All industry total,515035.9,0.52
24000,Maryland,2,  Private industries,410077.9,0.41
24000,Maryland,3,"    Agriculture, forestry, fishing and hunting",1276.6,0
24000,Maryland,6,"    Mining, quarrying, and oil and gas extraction",334,0
24000,Maryland,10,    Utilities,7913.9,0.01
24000,Maryland,11,    Construction,30743.1,0.03
24000,Maryland,12,    Manufacturing,27556.5,0.03
24000,Maryland,34,    Wholesale trade,23465.6,0.02
24000,Maryland,35,    Retail trade,30041.3,0.03
24000,Maryland,36,    Transportation and warehousing,11831.8,0.01
24000,Maryland,45,    Information,21887.4,0.02
24000,Maryland,51,      Finance and insurance,21928.2,0.02
24000,Maryland,56,      Real estate and rental and leasing,78183.4,0.08
24000,Maryland,60,"      Professional, scientific, and technical services",53181,0.05
24000,Maryland,64,      Management of companies and enterprises,5308.6,0.01
24000,Maryland,65,      Administrative and support and waste management and remediation services,16495,0.02
24000,Maryland,69,      Educational services,7676,0.01
24000,Maryland,70,      Health care and social assistance,38570.7,0.04
24000,Maryland,76,"      Arts, entertainment, and recreation",6076.6,0.01
24000,Maryland,79,      Accommodation and food services,15476.4,0.02
24000,Maryland,82,    Other services (except government and government enterprises),12131.7,0.01
24000,Maryland,83,  Government and government enterprises,104957.9,0.1
25000,Massachusetts,1,All industry total,737867.4,0.74
25000,Massachusetts,2,  Private industries,674999.3,0.67
25000,Massachusetts,3,"    Agriculture, forestry, fishing and hunting",916.5,0
25000,Massachusetts,6,"    Mining, quarrying, and oil and gas extraction",195.8,0
25000,Massachusetts,10,    Utilities,12441.5,0.01
25000,Massachusetts,11,    Construction,28635.4,0.03
25000,Massachusetts,12,    Manufacturing,59935.7,0.06
25000,Massachusetts,34,    Wholesale trade,35295.2,0.04
25000,Massachusetts,35,    Retail trade,34546.1,0.03
25000,Massachusetts,36,    Transportation and warehousing,15306.9,0.02
25000,Massachusetts,45,    Information,44815.7,0.04
25000,Massachusetts,51,      Finance and insurance,61557.9,0.06
25000,Massachusetts,56,      Real estate and rental and leasing,104791,0.1
25000,Massachusetts,60,"      Professional, scientific, and technical services",106435.8,0.11
25000,Massachusetts,64,      Management of companies and enterprises,14278,0.01
25000,Massachusetts,65,      Administrative and support and waste management and remediation services,21280.7,0.02
25000,Massachusetts,69,      Educational services,21003.7,0.02
25000,Massachusetts,70,      Health care and social assistance,67343.7,0.07
25000,Massachusetts,76,"      Arts, entertainment, and recreation",7668.8,0.01
25000,Massachusetts,79,      Accommodation and food services,24087.8,0.02
25000,Massachusetts,82,    Other services (except government and government enterprises),14463.2,0.01
25000,Massachusetts,83,  Government and government enterprises,62868.1,0.06
26000,Michigan,1,All industry total,676030.8,0.68
26000,Michigan,2,  Private industries,611665.1,0.61
26000,Michigan,3,"    Agriculture, forestry, fishing and hunting",6135.4,0.01
26000,Michigan,6,"    Mining, quarrying, and oil and gas extraction",2225.6,0
26000,Michigan,10,    Utilities,12469.9,0.01
26000,Michigan,11,    Construction,26869.2,0.03
26000,Michigan,12,    Manufacturing,111716,0.11
26000,Michigan,34,    Wholesale trade,45273.8,0.05
26000,Michigan,35,    Retail trade,48291.4,0.05
26000,Michigan,36,    Transportation and warehousing,21154.6,0.02
26000,Michigan,45,    Information,18261,0.02
26000,Michigan,51,      Finance and insurance,34305.2,0.03
26000,Michigan,56,      Real estate and rental and leasing,92709.7,0.09
26000,Michigan,60,"      Professional, scientific, and technical services",54739.5,0.05
26000,Michigan,64,      Management of companies and enterprises,13327.2,0.01
26000,Michigan,65,      Administrative and support and waste management and remediation services,22047.6,0.02
26000,Michigan,69,      Educational services,5107.1,0.01
26000,Michigan,70,      Health care and social assistance,54896.4,0.05
26000,Michigan,76,"      Arts, entertainment, and recreation",5841.2,0.01
26000,Michigan,79,      Accommodation and food services,20300.3,0.02
26000,Michigan,82,    Other services (except government and government enterprises),15993.9,0.02
26000,Michigan,83,  Government and government enterprises,64365.8,0.06
27000,Minnesota,1,All industry total,483222,0.48
27000,Minnesota,2,  Private industries,439275.2,0.44
27000,Minnesota,3,"    Agriculture, forestry, fishing and hunting",9141.5,0.01
27000,Minnesota,6,"    Mining, quarrying, and oil and gas extraction",3021.6,0
27000,Minnesota,10,    Utilities,7752.4,0.01
27000,Minnesota,11,    Construction,23719.5,0.02
27000,Minnesota,12,    Manufacturing,58525.8,0.06
27000,Minnesota,34,    Wholesale trade,35199.8,0.04
27000,Minnesota,35,    Retail trade,28859.2,0.03
27000,Minnesota,36,    Transportation and warehousing,16124.3,0.02
27000,Minnesota,45,    Information,15468.6,0.02
27000,Minnesota,51,      Finance and insurance,41126.4,0.04
27000,Minnesota,56,      Real estate and rental and leasing,61113,0.06
27000,Minnesota,60,"      Professional, scientific, and technical services",33320.2,0.03
27000,Minnesota,64,      Management of companies and enterprises,16504.6,0.02
27000,Minnesota,65,      Administrative and support and waste management and remediation services,11991.7,0.01
27000,Minnesota,69,      Educational services,4369.4,0
27000,Minnesota,70,      Health care and social assistance,45381.5,0.05
27000,Minnesota,76,"      Arts, entertainment, and recreation",4636.8,0
27000,Minnesota,79,      Accommodation and food services,12565.6,0.01
27000,Minnesota,82,    Other services (except government and government enterprises),10453.2,0.01
27000,Minnesota,83,  Government and government enterprises,43946.8,0.04
28000,Mississippi,1,All industry total,151511.9,0.15
28000,Mississippi,2,  Private industries,128056,0.13
28000,Mississippi,3,"    Agriculture, forestry, fishing and hunting",3273.9,0
28000,Mississippi,6,"    Mining, quarrying, and oil and gas extraction",1019.1,0
28000,Mississippi,10,    Utilities,4418.2,0
28000,Mississippi,11,    Construction,5338,0.01
28000,Mississippi,12,    Manufacturing,23708.8,0.02
28000,Mississippi,34,    Wholesale trade,7823.3,0.01
28000,Mississippi,35,    Retail trade,13268.9,0.01
28000,Mississippi,36,    Transportation and warehousing,6265.8,0.01
28000,Mississippi,45,    Information,2671.3,0
28000,Mississippi,51,      Finance and insurance,7302.7,0.01
28000,Mississippi,56,      Real estate and rental and leasing,18901.1,0.02
28000,Mississippi,60,"      Professional, scientific, and technical services",5257.7,0.01
28000,Mississippi,64,      Management of companies and enterprises,1659.5,0
28000,Mississippi,65,      Administrative and support and waste management and remediation services,4253.1,0
28000,Mississippi,69,      Educational services,927.5,0
28000,Mississippi,70,      Health care and social assistance,11220.9,0.01
28000,Mississippi,76,"      Arts, entertainment, and recreation",872.7,0
28000,Mississippi,79,      Accommodation and food services,6403.4,0.01
28000,Mississippi,82,    Other services (except government and government enterprises),3470,0
28000,Mississippi,83,  Government and government enterprises,23455.9,0.02
29000,Missouri,1,All industry total,428887.3,0.43
29000,Missouri,2,  Private industries,384992,0.38
29000,Missouri,3,"    Agriculture, forestry, fishing and hunting",6582.5,0.01
29000,Missouri,6,"    Mining, quarrying, and oil and gas extraction",1119.5,0
29000,Missouri,10,    Utilities,6790.2,0.01
29000,Missouri,11,    Construction,20281.9,0.02
29000,Missouri,12,    Manufacturing,49972.4,0.05
29000,Missouri,34,    Wholesale trade,29623.9,0.03
29000,Missouri,35,    Retail trade,30290.2,0.03
29000,Missouri,36,    Transportation and warehousing,15541.9,0.02
29000,Missouri,45,    Information,14724,0.01
29000,Missouri,51,      Finance and insurance,29835.8,0.03
29000,Missouri,56,      Real estate and rental and leasing,53600.9,0.05
29000,Missouri,60,"      Professional, scientific, and technical services",30287.4,0.03
29000,Missouri,64,      Management of companies and enterprises,10429.6,0.01
29000,Missouri,65,      Administrative and support and waste management and remediation services,13291,0.01
29000,Missouri,69,      Educational services,4979,0
29000,Missouri,70,      Health care and social assistance,38880.9,0.04
29000,Missouri,76,"      Arts, entertainment, and recreation",5061.2,0.01
29000,Missouri,79,      Accommodation and food services,13564.9,0.01
29000,Missouri,82,    Other services (except government and government enterprises),10134.7,0.01
29000,Missouri,83,  Government and government enterprises,43895.3,0.04
30000,Montana,1,All industry total,74690.3,0.07
30000,Montana,2,  Private industries,65517.5,0.07
30000,Montana,3,"    Agriculture, forestry, fishing and hunting",2958.4,0
30000,Montana,6,"    Mining, quarrying, and oil and gas extraction",2471.5,0
30000,Montana,10,    Utilities,1418.7,0
30000,Montana,11,    Construction,4664.3,0
30000,Montana,12,    Manufacturing,4552.4,0
30000,Montana,34,    Wholesale trade,4085.7,0
30000,Montana,35,    Retail trade,5639.6,0.01
30000,Montana,36,    Transportation and warehousing,3084.3,0
30000,Montana,45,    Information,1907.1,0
30000,Montana,51,      Finance and insurance,3699.9,0
30000,Montana,56,      Real estate and rental and leasing,10786.7,0.01
30000,Montana,60,"      Professional, scientific, and technical services",4531.1,0
30000,Montana,64,      Management of companies and enterprises,295.1,0
30000,Montana,65,      Administrative and support and waste management and remediation services,1868.3,0
30000,Montana,69,      Educational services,386.2,0
30000,Montana,70,      Health care and social assistance,7070.8,0.01
30000,Montana,76,"      Arts, entertainment, and recreation",923.7,0
30000,Montana,79,      Accommodation and food services,3512.2,0
30000,Montana,82,    Other services (except government and government enterprises),1661.5,0
30000,Montana,83,  Government and government enterprises,9172.8,0.01
31000,Nebraska,1,All industry total,183780.9,0.18
31000,Nebraska,2,  Private industries,164673.5,0.16
31000,Nebraska,3,"    Agriculture, forestry, fishing and hunting",12217.9,0.01
31000,Nebraska,6,"    Mining, quarrying, and oil and gas extraction",312.5,0
31000,Nebraska,10,    Utilities,7235,0.01
31000,Nebraska,11,    Construction,8541.4,0.01
31000,Nebraska,12,    Manufacturing,19665,0.02
31000,Nebraska,34,    Wholesale trade,12021,0.01
31000,Nebraska,35,    Retail trade,10053.3,0.01
31000,Nebraska,36,    Transportation and warehousing,11161.7,0.01
31000,Nebraska,45,    Information,5580.1,0.01
31000,Nebraska,51,      Finance and insurance,23875.3,0.02
31000,Nebraska,56,      Real estate and rental and leasing,15903.6,0.02
31000,Nebraska,60,"      Professional, scientific, and technical services",7515.2,0.01
31000,Nebraska,64,      Management of companies and enterprises,3340.7,0
31000,Nebraska,65,      Administrative and support and waste management and remediation services,5026.1,0.01
31000,Nebraska,69,      Educational services,1104.8,0
31000,Nebraska,70,      Health care and social assistance,12533.7,0.01
31000,Nebraska,76,"      Arts, entertainment, and recreation",999.9,0
31000,Nebraska,79,      Accommodation and food services,4025.6,0
31000,Nebraska,82,    Other services (except government and government enterprises),3560.8,0
31000,Nebraska,83,  Government and government enterprises,19107.4,0.02
32000,Nevada,1,All industry total,253443.3,0.25
32000,Nevada,2,  Private industries,230195.2,0.23
32000,Nevada,3,"    Agriculture, forestry, fishing and hunting",455.1,0
32000,Nevada,6,"    Mining, quarrying, and oil and gas extraction",4590.9,0
32000,Nevada,10,    Utilities,3715.6,0
32000,Nevada,11,    Construction,20532.3,0.02
32000,Nevada,12,    Manufacturing,10917.7,0.01
32000,Nevada,34,    Wholesale trade,10662.7,0.01
32000,Nevada,35,    Retail trade,18455.6,0.02
32000,Nevada,36,    Transportation and warehousing,11412.9,0.01
32000,Nevada,45,    Information,7391.4,0.01
32000,Nevada,51,      Finance and insurance,14418.8,0.01
32000,Nevada,56,      Real estate and rental and leasing,37512.2,0.04
32000,Nevada,60,"      Professional, scientific, and technical services",13025.6,0.01
32000,Nevada,64,      Management of companies and enterprises,6739.9,0.01
32000,Nevada,65,      Administrative and support and waste management and remediation services,8641,0.01
32000,Nevada,69,      Educational services,1365,0
32000,Nevada,70,      Health care and social assistance,14735.8,0.01
32000,Nevada,76,"      Arts, entertainment, and recreation",6989,0.01
32000,Nevada,79,      Accommodation and food services,34136.7,0.03
32000,Nevada,82,    Other services (except government and government enterprises),4497.2,0
32000,Nevada,83,  Government and government enterprises,23248.1,0.02
33000,New Hampshire,1,All industry total,114427.8,0.11
33000,New Hampshire,2,  Private industries,103998.9,0.1
33000,New Hampshire,3,"    Agriculture, forestry, fishing and hunting",297.9,0
33000,New Hampshire,6,"    Mining, quarrying, and oil and gas extraction",259.8,0
33000,New Hampshire,10,    Utilities,1791.8,0
33000,New Hampshire,11,    Construction,3885.1,0
33000,New Hampshire,12,    Manufacturing,10506.8,0.01
33000,New Hampshire,34,    Wholesale trade,8202.7,0.01
33000,New Hampshire,35,    Retail trade,9042.9,0.01
33000,New Hampshire,36,    Transportation and warehousing,1901.3,0
33000,New Hampshire,45,    Information,4402,0
33000,New Hampshire,51,      Finance and insurance,7147.1,0.01
33000,New Hampshire,56,      Real estate and rental and leasing,17184.6,0.02
33000,New Hampshire,60,"      Professional, scientific, and technical services",10704.9,0.01
33000,New Hampshire,64,      Management of companies and enterprises,1849.4,0
33000,New Hampshire,65,      Administrative and support and waste management and remediation services,4829.1,0
33000,New Hampshire,69,      Educational services,2499.6,0
33000,New Hampshire,70,      Health care and social assistance,10082.9,0.01
33000,New Hampshire,76,"      Arts, entertainment, and recreation",1367.4,0
33000,New Hampshire,79,      Accommodation and food services,5231.7,0.01
33000,New Hampshire,82,    Other services (except government and government enterprises),2812.1,0
33000,New Hampshire,83,  Government and government enterprises,10428.9,0.01
34000,New Jersey,1,All industry total,806894,0.81
34000,New Jersey,2,  Private industries,732899.6,0.73
34000,New Jersey,3,"    Agriculture, forestry, fishing and hunting",1342.3,0
34000,New Jersey,6,"    Mining, quarrying, and oil and gas extraction",551.2,0
34000,New Jersey,10,    Utilities,11747.4,0.01
34000,New Jersey,11,    Construction,28546.7,0.03
34000,New Jersey,12,    Manufacturing,67106.8,0.07
34000,New Jersey,34,    Wholesale trade,64395,0.06
34000,New Jersey,35,    Retail trade,51255.9,0.05
34000,New Jersey,36,    Transportation and warehousing,32224.1,0.03
34000,New Jersey,45,    Information,37298,0.04
34000,New Jersey,51,      Finance and insurance,51916.5,0.05
34000,New Jersey,56,      Real estate and rental and leasing,129894,0.13
34000,New Jersey,60,"      Professional, scientific, and technical services",80559.3,0.08
34000,New Jersey,64,      Management of companies and enterprises,20557,0.02
34000,New Jersey,65,      Administrative and support and waste management and remediation services,32406.3,0.03
34000,New Jersey,69,      Educational services,9352.8,0.01
34000,New Jersey,70,      Health care and social assistance,66776,0.07
34000,New Jersey,76,"      Arts, entertainment, and recreation",8169.7,0.01
34000,New Jersey,79,      Accommodation and food services,21951.1,0.02
34000,New Jersey,82,    Other services (except government and government enterprises),16849.5,0.02
34000,New Jersey,83,  Government and government enterprises,73994.4,0.07
35000,New Mexico,1,All industry total,138526,0.14
35000,New Mexico,2,  Private industries,108751.4,0.11
35000,New Mexico,3,"    Agriculture, forestry, fishing and hunting",1820.7,0
35000,New Mexico,6,"    Mining, quarrying, and oil and gas extraction",16174.7,0.02
35000,New Mexico,10,    Utilities,2311,0
35000,New Mexico,11,    Construction,5938.3,0.01
35000,New Mexico,12,    Manufacturing,4612.1,0
35000,New Mexico,34,    Wholesale trade,4164.1,0
35000,New Mexico,35,    Retail trade,8453.4,0.01
35000,New Mexico,36,    Transportation and warehousing,3965.3,0
35000,New Mexico,45,    Information,3182.2,0
35000,New Mexico,51,      Finance and insurance,4804.8,0
35000,New Mexico,56,      Real estate and rental and leasing,16811.7,0.02
35000,New Mexico,60,"      Professional, scientific, and technical services",11302.9,0.01
35000,New Mexico,64,      Management of companies and enterprises,677.3,0
35000,New Mexico,65,      Administrative and support and waste management and remediation services,4165.9,0
35000,New Mexico,69,      Educational services,723.3,0
35000,New Mexico,70,      Health care and social assistance,9672.4,0.01
35000,New Mexico,76,"      Arts, entertainment, and recreation",1153.6,0
35000,New Mexico,79,      Accommodation and food services,5504.4,0.01
35000,New Mexico,82,    Other services (except government and government enterprises),3313.1,0
35000,New Mexico,83,  Government and government enterprises,29774.7,0.03
36000,New York,1,All industry total,2182549,2.18
36000,New York,2,  Private industries,1971687,1.97
36000,New York,3,"    Agriculture, forestry, fishing and hunting",3816.3,0
36000,New York,6,"    Mining, quarrying, and oil and gas extraction",982.1,0
36000,New York,10,    Utilities,29048.2,0.03
36000,New York,11,    Construction,64747.3,0.06
36000,New York,12,    Manufacturing,91995.7,0.09
36000,New York,34,    Wholesale trade,87145.6,0.09
36000,New York,35,    Retail trade,106855.2,0.11
36000,New York,36,    Transportation and warehousing,49045.7,0.05
36000,New York,45,    Information,182977.2,0.18
36000,New York,51,      Finance and insurance,433545.2,0.43
36000,New York,56,      Real estate and rental and leasing,301324.1,0.3
36000,New York,60,"      Professional, scientific, and technical services",190056,0.19
36000,New York,64,      Management of companies and enterprises,33464.9,0.03
36000,New York,65,      Administrative and support and waste management and remediation services,57668.8,0.06
36000,New York,69,      Educational services,41749.6,0.04
36000,New York,70,      Health care and social assistance,161427.7,0.16
36000,New York,76,"      Arts, entertainment, and recreation",31867.5,0.03
36000,New York,79,      Accommodation and food services,63606.1,0.06
36000,New York,82,    Other services (except government and government enterprises),40363.8,0.04
36000,New York,83,  Government and government enterprises,210862,0.21
37000,North Carolina,1,All industry total,794838,0.79
37000,North Carolina,2,  Private industries,703990.2,0.7
37000,North Carolina,3,"    Agriculture, forestry, fishing and hunting",6323.6,0.01
37000,North Carolina,6,"    Mining, quarrying, and oil and gas extraction",1418.2,0
37000,North Carolina,10,    Utilities,14530,0.01
37000,North Carolina,11,    Construction,38109.3,0.04
37000,North Carolina,12,    Manufacturing,100664.5,0.1
37000,North Carolina,34,    Wholesale trade,47756.3,0.05
37000,North Carolina,35,    Retail trade,52116.2,0.05
37000,North Carolina,36,    Transportation and warehousing,21150.3,0.02
37000,North Carolina,45,    Information,30974.2,0.03
37000,North Carolina,51,      Finance and insurance,77260.5,0.08
37000,North Carolina,56,      Real estate and rental and leasing,99894,0.1
37000,North Carolina,60,"      Professional, scientific, and technical services",58055,0.06
37000,North Carolina,64,      Management of companies and enterprises,16986.8,0.02
37000,North Carolina,65,      Administrative and support and waste management and remediation services,29340.6,0.03
37000,North Carolina,69,      Educational services,9778.3,0.01
37000,North Carolina,70,      Health care and social assistance,52034,0.05
37000,North Carolina,76,"      Arts, entertainment, and recreation",7065.9,0.01
37000,North Carolina,79,      Accommodation and food services,23314.4,0.02
37000,North Carolina,82,    Other services (except government and government enterprises),17218.1,0.02
37000,North Carolina,83,  Government and government enterprises,90847.8,0.09
38000,North Dakota,1,All industry total,77898.1,0.08
38000,North Dakota,2,  Private industries,70213.9,0.07
38000,North Dakota,3,"    Agriculture, forestry, fishing and hunting",5982.4,0.01
38000,North Dakota,6,"    Mining, quarrying, and oil and gas extraction",12441,0.01
38000,North Dakota,10,    Utilities,1772.6,0
38000,North Dakota,11,    Construction,3821.9,0
38000,North Dakota,12,    Manufacturing,6866.5,0.01
38000,North Dakota,34,    Wholesale trade,5568.4,0.01
38000,North Dakota,35,    Retail trade,4529.9,0
38000,North Dakota,36,    Transportation and warehousing,3432.5,0
38000,North Dakota,45,    Information,1735.1,0
38000,North Dakota,51,      Finance and insurance,3408.8,0
38000,North Dakota,56,      Real estate and rental and leasing,6962.3,0.01
38000,North Dakota,60,"      Professional, scientific, and technical services",2270.7,0
38000,North Dakota,64,      Management of companies and enterprises,691.7,0
38000,North Dakota,65,      Administrative and support and waste management and remediation services,1184.6,0
38000,North Dakota,69,      Educational services,242.2,0
38000,North Dakota,70,      Health care and social assistance,5736.3,0.01
38000,North Dakota,76,"      Arts, entertainment, and recreation",323.5,0
38000,North Dakota,79,      Accommodation and food services,1882,0
38000,North Dakota,82,    Other services (except government and government enterprises),1361.6,0
38000,North Dakota,83,  Government and government enterprises,7684.2,0.01
39000,Ohio,1,All industry total,883957.1,0.88
39000,Ohio,2,  Private industries,796323.2,0.8
39000,Ohio,3,"    Agriculture, forestry, fishing and hunting",7441.2,0.01
39000,Ohio,6,"    Mining, quarrying, and oil and gas extraction",6336.4,0.01
39000,Ohio,10,    Utilities,13838.4,0.01
39000,Ohio,11,    Construction,34776.2,0.03
39000,Ohio,12,    Manufacturing,129199.6,0.13
39000,Ohio,34,    Wholesale trade,54714.5,0.05
39000,Ohio,35,    Retail trade,57911.2,0.06
39000,Ohio,36,    Transportation and warehousing,29681.6,0.03
39000,Ohio,45,    Information,20641.5,0.02
39000,Ohio,51,      Finance and insurance,101529.1,0.1
39000,Ohio,56,      Real estate and rental and leasing,104987.1,0.1
39000,Ohio,60,"      Professional, scientific, and technical services",49400.4,0.05
39000,Ohio,64,      Management of companies and enterprises,25506.5,0.03
39000,Ohio,65,      Administrative and support and waste management and remediation services,27312.6,0.03
39000,Ohio,69,      Educational services,7299.8,0.01
39000,Ohio,70,      Health care and social assistance,74280.1,0.07
39000,Ohio,76,"      Arts, entertainment, and recreation",8597.9,0.01
39000,Ohio,79,      Accommodation and food services,24144,0.02
39000,Ohio,82,    Other services (except government and government enterprises),18724.9,0.02
39000,Ohio,83,  Government and government enterprises,87633.9,0.09
40000,Oklahoma,1,All industry total,255933.2,0.26
40000,Oklahoma,2,  Private industries,216498,0.22
40000,Oklahoma,3,"    Agriculture, forestry, fishing and hunting",4238.2,0
40000,Oklahoma,6,"    Mining, quarrying, and oil and gas extraction",24717.8,0.02
40000,Oklahoma,10,    Utilities,5354,0.01
40000,Oklahoma,11,    Construction,9681.2,0.01
40000,Oklahoma,12,    Manufacturing,22737.5,0.02
40000,Oklahoma,34,    Wholesale trade,13136.1,0.01
40000,Oklahoma,35,    Retail trade,18042.9,0.02
40000,Oklahoma,36,    Transportation and warehousing,14731.2,0.01
40000,Oklahoma,45,    Information,5698,0.01
40000,Oklahoma,51,      Finance and insurance,10578.5,0.01
40000,Oklahoma,56,      Real estate and rental and leasing,27874.3,0.03
40000,Oklahoma,60,"      Professional, scientific, and technical services",11148.1,0.01
40000,Oklahoma,64,      Management of companies and enterprises,3873.1,0
40000,Oklahoma,65,      Administrative and support and waste management and remediation services,8739.3,0.01
40000,Oklahoma,69,      Educational services,1574.5,0
40000,Oklahoma,70,      Health care and social assistance,19048.5,0.02
40000,Oklahoma,76,"      Arts, entertainment, and recreation",1721.9,0
40000,Oklahoma,79,      Accommodation and food services,7894.1,0.01
40000,Oklahoma,82,    Other services (except government and government enterprises),5708.9,0.01
40000,Oklahoma,83,  Government and government enterprises,39435.3,0.04
41000,Oregon,1,All industry total,314895,0.31
41000,Oregon,2,  Private industries,275789.1,0.28
41000,Oregon,3,"    Agriculture, forestry, fishing and hunting",5717.5,0.01
41000,Oregon,6,"    Mining, quarrying, and oil and gas extraction",378.8,0
41000,Oregon,10,    Utilities,4586.2,0
41000,Oregon,11,    Construction,16174.4,0.02
41000,Oregon,12,    Manufacturing,35518.8,0.04
41000,Oregon,34,    Wholesale trade,17208.6,0.02
41000,Oregon,35,    Retail trade,19403.1,0.02
41000,Oregon,36,    Transportation and warehousing,9727.4,0.01
41000,Oregon,45,    Information,14269.2,0.01
41000,Oregon,51,      Finance and insurance,14434,0.01
41000,Oregon,56,      Real estate and rental and leasing,46944.3,0.05
41000,Oregon,60,"      Professional, scientific, and technical services",19894,0.02
41000,Oregon,64,      Management of companies and enterprises,10377.5,0.01
41000,Oregon,65,      Administrative and support and waste management and remediation services,9545.1,0.01
41000,Oregon,69,      Educational services,2493.2,0
41000,Oregon,70,      Health care and social assistance,27915.6,0.03
41000,Oregon,76,"      Arts, entertainment, and recreation",2936.1,0
41000,Oregon,79,      Accommodation and food services,10805.3,0.01
41000,Oregon,82,    Other services (except government and government enterprises),7460.1,0.01
41000,Oregon,83,  Government and government enterprises,39105.9,0.04
42000,Pennsylvania,1,All industry total,966444,0.97
42000,Pennsylvania,2,  Private industries,883788,0.88
42000,Pennsylvania,3,"    Agriculture, forestry, fishing and hunting",4552.8,0
42000,Pennsylvania,6,"    Mining, quarrying, and oil and gas extraction",15830.5,0.02
42000,Pennsylvania,10,    Utilities,15417.6,0.02
42000,Pennsylvania,11,    Construction,39388.1,0.04
42000,Pennsylvania,12,    Manufacturing,106948.7,0.11
42000,Pennsylvania,34,    Wholesale trade,56024,0.06
42000,Pennsylvania,35,    Retail trade,61263.6,0.06
42000,Pennsylvania,36,    Transportation and warehousing,37584.1,0.04
42000,Pennsylvania,45,    Information,40720.3,0.04
42000,Pennsylvania,51,      Finance and insurance,66722.2,0.07
42000,Pennsylvania,56,      Real estate and rental and leasing,124304.7,0.12
42000,Pennsylvania,60,"      Professional, scientific, and technical services",77961.2,0.08
42000,Pennsylvania,64,      Management of companies and enterprises,30331.1,0.03
42000,Pennsylvania,65,      Administrative and support and waste management and remediation services,26332.2,0.03
42000,Pennsylvania,69,      Educational services,22850.6,0.02
42000,Pennsylvania,70,      Health care and social assistance,98368.5,0.1
42000,Pennsylvania,76,"      Arts, entertainment, and recreation",11470.5,0.01
42000,Pennsylvania,79,      Accommodation and food services,25545.9,0.03
42000,Pennsylvania,82,    Other services (except government and government enterprises),22171.4,0.02
42000,Pennsylvania,83,  Government and government enterprises,82656,0.08
44000,Rhode Island,1,All industry total,76313.5,0.08
44000,Rhode Island,2,  Private industries,66725.2,0.07
44000,Rhode Island,3,"    Agriculture, forestry, fishing and hunting",154.4,0
44000,Rhode Island,6,"    Mining, quarrying, and oil and gas extraction",101.8,0
44000,Rhode Island,10,    Utilities,1362.7,0
44000,Rhode Island,11,    Construction,3055.1,0
44000,Rhode Island,12,    Manufacturing,5396.9,0.01
44000,Rhode Island,34,    Wholesale trade,4041.9,0
44000,Rhode Island,35,    Retail trade,5109,0.01
44000,Rhode Island,36,    Transportation and warehousing,1414.3,0
44000,Rhode Island,45,    Information,1834.5,0
44000,Rhode Island,51,      Finance and insurance,6969.1,0.01
44000,Rhode Island,56,      Real estate and rental and leasing,11429,0.01
44000,Rhode Island,60,"      Professional, scientific, and technical services",5220.7,0.01
44000,Rhode Island,64,      Management of companies and enterprises,2009.7,0
44000,Rhode Island,65,      Administrative and support and waste management and remediation services,2609.4,0
44000,Rhode Island,69,      Educational services,2346.9,0
44000,Rhode Island,70,      Health care and social assistance,7732.7,0.01
44000,Rhode Island,76,"      Arts, entertainment, and recreation",771.7,0
44000,Rhode Island,79,      Accommodation and food services,3462,0
44000,Rhode Island,82,    Other services (except government and government enterprises),1703.4,0
44000,Rhode Island,83,  Government and government enterprises,9588.3,0.01
45000,South Carolina,1,All industry total,332946.8,0.33
45000,South Carolina,2,  Private industries,289789.8,0.29
45000,South Carolina,3,"    Agriculture, forestry, fishing and hunting",1632,0
45000,South Carolina,6,"    Mining, quarrying, and oil and gas extraction",954.7,0
45000,South Carolina,10,    Utilities,6885.9,0.01
45000,South Carolina,11,    Construction,17678.3,0.02
45000,South Carolina,12,    Manufacturing,45625.9,0.05
45000,South Carolina,34,    Wholesale trade,21086.8,0.02
45000,South Carolina,35,    Retail trade,26229.3,0.03
45000,South Carolina,36,    Transportation and warehousing,8696.1,0.01
45000,South Carolina,45,    Information,8866.1,0.01
45000,South Carolina,51,      Finance and insurance,15806.7,0.02
45000,South Carolina,56,      Real estate and rental and leasing,51873.7,0.05
45000,South Carolina,60,"      Professional, scientific, and technical services",20424.1,0.02
45000,South Carolina,64,      Management of companies and enterprises,3458,0
45000,South Carolina,65,      Administrative and support and waste management and remediation services,12047.7,0.01
45000,South Carolina,69,      Educational services,2268.9,0
45000,South Carolina,70,      Health care and social assistance,20889.8,0.02
45000,South Carolina,76,"      Arts, entertainment, and recreation",2406.1,0
45000,South Carolina,79,      Accommodation and food services,15129.8,0.02
45000,South Carolina,82,    Other services (except government and government enterprises),7829.8,0.01
45000,South Carolina,83,  Government and government enterprises,43157,0.04
46000,South Dakota,1,All industry total,74458.8,0.07
46000,South Dakota,2,  Private industries,67015.1,0.07
46000,South Dakota,3,"    Agriculture, forestry, fishing and hunting",7458,0.01
46000,South Dakota,6,"    Mining, quarrying, and oil and gas extraction",209.9,0
46000,South Dakota,10,    Utilities,1209.8,0
46000,South Dakota,11,    Construction,3259.9,0
46000,South Dakota,12,    Manufacturing,5329.7,0.01
46000,South Dakota,34,    Wholesale trade,4985.7,0
46000,South Dakota,35,    Retail trade,5528.8,0.01
46000,South Dakota,36,    Transportation and warehousing,1707.1,0
46000,South Dakota,45,    Information,1617.3,0
46000,South Dakota,51,      Finance and insurance,11523.9,0.01
46000,South Dakota,56,      Real estate and rental and leasing,7055.8,0.01
46000,South Dakota,60,"      Professional, scientific, and technical services",2757,0
46000,South Dakota,64,      Management of companies and enterprises,851.6,0
46000,South Dakota,65,      Administrative and support and waste management and remediation services,1225.3,0
46000,South Dakota,69,      Educational services,399.4,0
46000,South Dakota,70,      Health care and social assistance,6832,0.01
46000,South Dakota,76,"      Arts, entertainment, and recreation",500.8,0
46000,South Dakota,79,      Accommodation and food services,2955,0
46000,South Dakota,82,    Other services (except government and government enterprises),1608.4,0
46000,South Dakota,83,  Government and government enterprises,7443.6,0.01
47000,Tennessee,1,All industry total,531246.8,0.53
47000,Tennessee,2,  Private industries,481188.4,0.48
47000,Tennessee,3,"    Agriculture, forestry, fishing and hunting",2463.9,0
47000,Tennessee,6,"    Mining, quarrying, and oil and gas extraction",1345.8,0
47000,Tennessee,10,    Utilities,6435.2,0.01
47000,Tennessee,11,    Construction,22380.5,0.02
47000,Tennessee,12,    Manufacturing,66275.9,0.07
47000,Tennessee,34,    Wholesale trade,35501.8,0.04
47000,Tennessee,35,    Retail trade,42283.2,0.04
47000,Tennessee,36,    Transportation and warehousing,25212.5,0.03
47000,Tennessee,45,    Information,19301.6,0.02
47000,Tennessee,51,      Finance and insurance,29416.7,0.03
47000,Tennessee,56,      Real estate and rental and leasing,64658.5,0.06
47000,Tennessee,60,"      Professional, scientific, and technical services",33488.2,0.03
47000,Tennessee,64,      Management of companies and enterprises,9046.2,0.01
47000,Tennessee,65,      Administrative and support and waste management and remediation services,20904.2,0.02
47000,Tennessee,69,      Educational services,5296.5,0.01
47000,Tennessee,70,      Health care and social assistance,48251.6,0.05
47000,Tennessee,76,"      Arts, entertainment, and recreation",11309.1,0.01
47000,Tennessee,79,      Accommodation and food services,24285.4,0.02
47000,Tennessee,82,    Other services (except government and government enterprises),13331.4,0.01
47000,Tennessee,83,  Government and government enterprises,50058.4,0.05
48000,Texas,1,All industry total,2637237.6,2.64
48000,Texas,2,  Private industries,2406244.9,2.41
48000,Texas,3,"    Agriculture, forestry, fishing and hunting",18873.7,0.02
48000,Texas,6,"    Mining, quarrying, and oil and gas extraction",208523.4,0.21
48000,Texas,10,    Utilities,43145.8,0.04
48000,Texas,11,    Construction,126433,0.13
48000,Texas,12,    Manufacturing,317116.9,0.32
48000,Texas,34,    Wholesale trade,212767.8,0.21
48000,Texas,35,    Retail trade,162164.9,0.16
48000,Texas,36,    Transportation and warehousing,99804.6,0.1
48000,Texas,45,    Information,106795.4,0.11
48000,Texas,51,      Finance and insurance,152120.5,0.15
48000,Texas,56,      Real estate and rental and leasing,332172.3,0.33
48000,Texas,60,"      Professional, scientific, and technical services",196164,0.2
48000,Texas,64,      Management of companies and enterprises,37639.2,0.04
48000,Texas,65,      Administrative and support and waste management and remediation services,87588.5,0.09
48000,Texas,69,      Educational services,18211.6,0.02
48000,Texas,70,      Health care and social assistance,146816.3,0.15
48000,Texas,76,"      Arts, entertainment, and recreation",17614,0.02
48000,Texas,79,      Accommodation and food services,73094.2,0.07
48000,Texas,82,    Other services (except government and government enterprises),49198.7,0.05
48000,Texas,83,  Government and government enterprises,230992.8,0.23
49000,Utah,1,All industry total,283230.8,0.28
49000,Utah,2,  Private industries,253648.8,0.25
49000,Utah,3,"    Agriculture, forestry, fishing and hunting",1312.4,0
49000,Utah,6,"    Mining, quarrying, and oil and gas extraction",4729,0
49000,Utah,10,    Utilities,6987.5,0.01
49000,Utah,11,    Construction,22128.2,0.02
49000,Utah,12,    Manufacturing,28587.7,0.03
49000,Utah,34,    Wholesale trade,13955.5,0.01
49000,Utah,35,    Retail trade,21193.8,0.02
49000,Utah,36,    Transportation and warehousing,9577.7,0.01
49000,Utah,45,    Information,13891.5,0.01
49000,Utah,51,      Finance and insurance,24264.4,0.02
49000,Utah,56,      Real estate and rental and leasing,38216.3,0.04
49000,Utah,60,"      Professional, scientific, and technical services",21638.7,0.02
49000,Utah,64,      Management of companies and enterprises,3177.8,0
49000,Utah,65,      Administrative and support and waste management and remediation services,7766.1,0.01
49000,Utah,69,      Educational services,3753.8,0
49000,Utah,70,      Health care and social assistance,15448.3,0.02
49000,Utah,76,"      Arts, entertainment, and recreation",2442.8,0
49000,Utah,79,      Accommodation and food services,7724,0.01
49000,Utah,82,    Other services (except government and government enterprises),6853.2,0.01
49000,Utah,83,  Government and government enterprises,29582,0.03
50000,Vermont,1,All industry total,43931.6,0.04
50000,Vermont,2,  Private industries,38185.8,0.04
50000,Vermont,3,"    Agriculture, forestry, fishing and hunting",506.7,0
50000,Vermont,6,"    Mining, quarrying, and oil and gas extraction",194.7,0
50000,Vermont,10,    Utilities,1090.8,0
50000,Vermont,11,    Construction,1613.8,0
50000,Vermont,12,    Manufacturing,3357.7,0
50000,Vermont,34,    Wholesale trade,2126.4,0
50000,Vermont,35,    Retail trade,3761.5,0
50000,Vermont,36,    Transportation and warehousing,727,0
50000,Vermont,45,    Information,1240.5,0
50000,Vermont,51,      Finance and insurance,2275.6,0
50000,Vermont,56,      Real estate and rental and leasing,5956.9,0.01
50000,Vermont,60,"      Professional, scientific, and technical services",3479.2,0
50000,Vermont,64,      Management of companies and enterprises,354.2,0
50000,Vermont,65,      Administrative and support and waste management and remediation services,1525.1,0
50000,Vermont,69,      Educational services,948.2,0
50000,Vermont,70,      Health care and social assistance,4605.4,0
50000,Vermont,76,"      Arts, entertainment, and recreation",556.7,0
50000,Vermont,79,      Accommodation and food services,2838.8,0
50000,Vermont,82,    Other services (except government and government enterprises),1026.8,0
50000,Vermont,83,  Government and government enterprises,5745.8,0.01
51000,Virginia,1,All industry total,722767.4,0.72
51000,Virginia,2,  Private industries,604851.7,0.6
51000,Virginia,3,"    Agriculture, forestry, fishing and hunting",2192.8,0
51000,Virginia,6,"    Mining, quarrying, and oil and gas extraction",2522,0
51000,Virginia,10,    Utilities,10614.5,0.01
51000,Virginia,11,    Construction,34930.8,0.03
51000,Virginia,12,    Manufacturing,51320.9,0.05
51000,Virginia,34,    Wholesale trade,32893.7,0.03
51000,Virginia,35,    Retail trade,42598,0.04
51000,Virginia,36,    Transportation and warehousing,20015.2,0.02
51000,Virginia,45,    Information,32129.9,0.03
51000,Virginia,51,      Finance and insurance,41539.9,0.04
51000,Virginia,56,      Real estate and rental and leasing,99908.6,0.1
51000,Virginia,60,"      Professional, scientific, and technical services",93550.3,0.09
51000,Virginia,64,      Management of companies and enterprises,17698.3,0.02
51000,Virginia,65,      Administrative and support and waste management and remediation services,25224.6,0.03
51000,Virginia,69,      Educational services,6264.3,0.01
51000,Virginia,70,      Health care and social assistance,46579.5,0.05
51000,Virginia,76,"      Arts, entertainment, and recreation",5794.8,0.01
51000,Virginia,79,      Accommodation and food services,21323.8,0.02
51000,Virginia,82,    Other services (except government and government enterprises),17749.7,0.02
51000,Virginia,83,  Government and government enterprises,117915.7,0.12
53000,Washington,1,All industry total,801455.5,0.8
53000,Washington,2,  Private industries,711512.8,0.71
53000,Washington,3,"    Agriculture, forestry, fishing and hunting",8633.6,0.01
53000,Washington,6,"    Mining, quarrying, and oil and gas extraction",493.6,0
53000,Washington,10,    Utilities,7155.6,0.01
53000,Washington,11,    Construction,34056.5,0.03
53000,Washington,12,    Manufacturing,62648.5,0.06
53000,Washington,34,    Wholesale trade,39615.1,0.04
53000,Washington,35,    Retail trade,78892.4,0.08
53000,Washington,36,    Transportation and warehousing,24856.8,0.02
53000,Washington,45,    Information,129288.7,0.13
53000,Washington,51,      Finance and insurance,27882.5,0.03
53000,Washington,56,      Real estate and rental and leasing,104722.1,0.1
53000,Washington,60,"      Professional, scientific, and technical services",64062.8,0.06
53000,Washington,64,      Management of companies and enterprises,10232.5,0.01
53000,Washington,65,      Administrative and support and waste management and remediation services,22153.6,0.02
53000,Washington,69,      Educational services,4046.4,0
53000,Washington,70,      Health care and social assistance,46914.1,0.05
53000,Washington,76,"      Arts, entertainment, and recreation",6014.1,0.01
53000,Washington,79,      Accommodation and food services,24148,0.02
53000,Washington,82,    Other services (except government and government enterprises),15695.8,0.02
53000,Washington,83,  Government and government enterprises,89942.7,0.09
54000,West Virginia,1,All industry total,101479.9,0.1
54000,West Virginia,2,  Private industries,86604.2,0.09
54000,West Virginia,3,"    Agriculture, forestry, fishing and hunting",463.1,0
54000,West Virginia,6,"    Mining, quarrying, and oil and gas extraction",13887.5,0.01
54000,West Virginia,10,    Utilities,2825.1,0
54000,West Virginia,11,    Construction,4096.7,0
54000,West Virginia,12,    Manufacturing,8581.5,0.01
54000,West Virginia,34,    Wholesale trade,4681.6,0
54000,West Virginia,35,    Retail trade,7495,0.01
54000,West Virginia,36,    Transportation and warehousing,2790.3,0
54000,West Virginia,45,    Information,1821.9,0
54000,West Virginia,51,      Finance and insurance,3785.2,0
54000,West Virginia,56,      Real estate and rental and leasing,10972.4,0.01
54000,West Virginia,60,"      Professional, scientific, and technical services",4122,0
54000,West Virginia,64,      Management of companies and enterprises,929.8,0
54000,West Virginia,65,      Administrative and support and waste management and remediation services,2863.7,0
54000,West Virginia,69,      Educational services,472.1,0
54000,West Virginia,70,      Health care and social assistance,10913.6,0.01
54000,West Virginia,76,"      Arts, entertainment, and recreation",568.1,0
54000,West Virginia,79,      Accommodation and food services,3210.4,0
54000,West Virginia,82,    Other services (except government and government enterprises),2124.1,0
54000,West Virginia,83,  Government and government enterprises,14875.7,0.01
55000,Wisconsin,1,All industry total,431913.9,0.43
55000,Wisconsin,2,  Private industries,389390.2,0.39
55000,Wisconsin,3,"    Agriculture, forestry, fishing and hunting",6808.2,0.01
55000,Wisconsin,6,"    Mining, quarrying, and oil and gas extraction",752,0
55000,Wisconsin,10,    Utilities,6889.5,0.01
55000,Wisconsin,11,    Construction,19411,0.02
55000,Wisconsin,12,    Manufacturing,72120.2,0.07
55000,Wisconsin,34,    Wholesale trade,27166.6,0.03
55000,Wisconsin,35,    Retail trade,28403.4,0.03
55000,Wisconsin,36,    Transportation and warehousing,13926.8,0.01
55000,Wisconsin,45,    Information,16898.5,0.02
55000,Wisconsin,51,      Finance and insurance,34889.3,0.03
55000,Wisconsin,56,      Real estate and rental and leasing,51175.4,0.05
55000,Wisconsin,60,"      Professional, scientific, and technical services",21552.3,0.02
55000,Wisconsin,64,      Management of companies and enterprises,10534.2,0.01
55000,Wisconsin,65,      Administrative and support and waste management and remediation services,10974.3,0.01
55000,Wisconsin,69,      Educational services,4364,0
55000,Wisconsin,70,      Health care and social assistance,37074.8,0.04
55000,Wisconsin,76,"      Arts, entertainment, and recreation",3732.3,0
55000,Wisconsin,79,      Accommodation and food services,12826,0.01
55000,Wisconsin,82,    Other services (except government and government enterprises),9891.4,0.01
55000,Wisconsin,83,  Government and government enterprises,42523.7,0.04
56000,Wyoming,1,All industry total,51350.1,0.05
56000,Wyoming,2,  Private industries,44011.2,0.04
56000,Wyoming,3,"    Agriculture, forestry, fishing and hunting",1030.4,0
56000,Wyoming,6,"    Mining, quarrying, and oil and gas extraction",8633.8,0.01
56000,Wyoming,10,    Utilities,1199.2,0
56000,Wyoming,11,    Construction,2896.7,0
56000,Wyoming,12,    Manufacturing,4141.1,0
56000,Wyoming,34,    Wholesale trade,1717.1,0
56000,Wyoming,35,    Retail trade,3169.2,0
56000,Wyoming,36,    Transportation and warehousing,3983.7,0
56000,Wyoming,45,    Information,862,0
56000,Wyoming,51,      Finance and insurance,1618.1,0
56000,Wyoming,56,      Real estate and rental and leasing,5923.6,0.01
56000,Wyoming,60,"      Professional, scientific, and technical services",1973,0
56000,Wyoming,64,      Management of companies and enterprises,295.3,0
56000,Wyoming,65,      Administrative and support and waste management and remediation services,878.1,0
56000,Wyoming,69,      Educational services,178.1,0
56000,Wyoming,70,      Health care and social assistance,2107.4,0
56000,Wyoming,76,"      Arts, entertainment, and recreation",457.2,0
56000,Wyoming,79,      Accommodation and food services,2090.8,0
56000,Wyoming,82,    Other services (except government and government enterprises),856.3,0
56000,Wyoming,83,  Government and government enterprises,7338.9,0.01
